,City,coords,Cloudiness,Country,Date,Humidity,Lat,Lng,Max Temp,Wind Speed
0,hobart,"(-63.90826153679879, 139.9386413210645)",20,au,1529946000,87,-42.88,147.33,42.8,10.29
1,cidreira,"(-33.9175312577325, -48.23309965154235)",92,br,1529947870,100,-30.17,-50.22,56.37,11.77
2,arona,"(27.561958740989354, -16.64054321279741)",20,es,1529946000,69,28.1,-16.68,75.2,16.11
3,tuktoyaktuk,"(89.2141991524411, -128.13850662600913)",75,ca,1529946000,70,69.44,-133.03,46.4,2.24
4,kruisfontein,"(-42.76150899105838, 24.69177759461661)",48,za,1529947873,100,-34.0,24.73,58.17,5.06
5,punta arenas,"(-59.476653663078594, -102.35259798647589)",90,cl,1529946000,93,-53.16,-70.91,35.6,10.29
6,tessalit,"(21.10349758385604, -0.9057873330803545)",76,ml,1529947876,16,20.2,1.01,102.54,3.38
7,udachnyy,"(65.31388365217953, 113.75792484247881)",20,ru,1529947877,74,66.42,112.4,62.49,2.48
8,arcata,"(42.00735261364463, -124.5074505051378)",75,us,1529946000,82,40.87,-124.08,59,9.17
9,ushuaia,"(-63.18206888529182, -60.82331225612745)",20,ar,1529946000,74,-54.81,-68.31,35.6,17.22
10,hermanus,"(-41.412579116629466, 16.61954179416685)",0,za,1529947881,81,-34.42,19.24,51.33,5.95
12,butaritari,"(27.880875556576257, 177.82209224819422)",36,ki,1529947883,100,3.07,172.79,80.04,4.94
13,dwarahat,"(29.74420526273275, 79.5066485351818)",8,in,1529947885,87,29.78,79.43,66.09,2.37
14,vaini,"(-57.73024134853492, -176.2870879007732)",20,to,1529946000,88,-21.2,-175.2,71.6,4.7
15,usinsk,"(66.6533296676694, 56.657359626009395)",20,ru,1529947888,65,66.0,57.56,69.51,3.04
16,arraial do cabo,"(-32.37362864793608, -36.71110065432714)",20,br,1529946000,69,-22.97,-42.02,78.8,4.7
17,saint pete beach,"(27.27712324173642, -83.71355888916597)",40,us,1529946900,66,27.73,-82.74,89.6,9.17
18,dingle,"(50.828039738870615, -17.045885673237052)",88,ie,1529947892,73,52.14,-10.27,63.3,2.48
19,saskylakh,"(74.96260414545608, 120.47913290898634)",20,ru,1529947893,73,71.97,114.09,47.37,11.21
20,kattivakkam,"(12.621182686495018, 84.18375300726541)",40,in,1529944200,70,13.22,80.32,87.8,5.82
22,olenegorsk,"(68.324295818872, 33.01459135384877)",68,ru,1529947897,50,68.14,33.28,60.96,5.39
23,ambilobe,"(-11.823439466982578, 47.96821639979822)",0,mg,1529947898,58,-13.19,49.05,74.19,13.44
24,bubaque,"(8.015979885388305, -19.580596991175298)",20,gw,1529946000,62,11.28,-15.83,86,12.75
25,san patricio,"(13.001034163844949, -112.9109683897221)",40,mx,1529944860,62,19.22,-104.7,89.6,9.17
26,thohoyandou,"(-22.97001657721586, 30.601715203837784)",0,za,1529947902,77,-22.97,30.46,54.84,4.05
27,cape town,"(-74.20912357252396, -5.9802171668302435)",0,za,1529946000,82,-33.93,18.42,57.2,8.05
28,orcopampa,"(-15.181286860074891, -73.04066783422013)",32,pe,1529947904,47,-15.27,-72.34,44.4,3.49
29,ugoofaaru,"(5.677298555987193, 68.24005277899136)",44,mv,1529947906,98,5.67,73.0,82.92,14.23
30,saint-augustin,"(58.951146029349616, -61.6241459319173)",20,ca,1529942400,34,45.63,-73.98,68,14.99
31,aykhal,"(67.04558353339544, 109.29815881333928)",88,ru,1529947908,66,65.95,111.51,62.85,3.6
32,carnarvon,"(-25.426121405758607, 115.4650071656514)",0,au,1529947909,100,-24.87,113.63,60.06,4.5
33,jamestown,"(-27.602867120435448, -15.805158787716834)",88,sh,1529947911,100,-15.94,-5.72,69.96,14.56
34,wajir,"(1.4434130468896313, 39.87262110935785)",0,ke,1529946000,48,1.75,40.07,84.2,3.36
35,sisimiut,"(67.23875412392476, -58.753936342036596)",64,gl,1529947913,99,66.94,-53.67,34.23,2.93
36,clyde river,"(71.0721607339508, -63.34571292008201)",90,ca,1529947140,81,70.47,-68.59,42.8,4.7
37,hambantota,"(-5.888253048462886, 85.07993767141153)",48,lk,1529947916,95,6.12,81.12,81.57,16.58
38,sabang,"(7.179335772666761, 91.63831009905573)",56,id,1529947917,100,1.17,120.82,79.68,7.52
39,kholodnyy,"(61.3709159865312, 147.10783480021104)",20,ru,1529947918,70,62.72,147.95,48.18,2.37
41,quijingue,"(-10.99085704605882, -39.31659943073734)",36,br,1529947921,45,-10.75,-39.21,82.47,13
42,comodoro rivadavia,"(-44.98111008244218, -68.21979567523906)",75,ar,1529946000,49,-45.87,-67.48,48.2,16.11
43,kaitangata,"(-56.0722557837679, 172.73336192222393)",92,nz,1529947923,94,-46.28,169.85,36.39,11.21
44,torbay,"(41.90790974002974, -41.9803295751893)",90,ca,1529946000,100,47.66,-52.73,44.6,16.11
46,eirunepe,"(-6.785853361220248, -69.70521740133032)",24,br,1529947872,58,-6.66,-69.87,88.86,2.93
47,provideniya,"(49.88316984788955, -173.75111435633494)",80,ru,1529947928,100,64.42,-173.23,39.36,9.42
48,kanata,"(45.54013791110245, -75.91797761271896)",20,ca,1529946000,34,45.32,-75.9,68,14.99
49,rikitea,"(-69.86708062127308, -127.32063717095488)",32,pf,1529947930,100,-23.12,-134.97,75.9,13.22
50,khorixas,"(-20.58947093284769, 14.207984774605734)",0,na,1529947932,29,-20.37,14.96,57.09,2.93
51,kapaa,"(39.84905852354137, -167.05664945479475)",90,us,1529945760,83,22.08,-159.32,77,18.34
53,puerto ayora,"(-17.621730697174712, -107.78154065234683)",20,ec,1529946000,61,-0.74,-90.35,78.8,17.22
54,krasnyy luch,"(57.27211037772497, 30.06459573431431)",24,ru,1529947937,55,55.97,38.97,66.9,5.39
55,qaqortoq,"(66.89562274398114, -45.10358345008177)",20,gl,1529945400,53,60.72,-46.03,50,9.17
56,busselton,"(-42.340553655710956, 85.17619604987505)",92,au,1529947939,100,-33.64,115.35,62.31,14.23
57,san juan,"(23.88823112457112, -65.97890739765556)",40,us,1529946900,49,26.19,-98.16,93.2,13.87
58,krasnaya gorka,"(55.196127902750646, 56.91550505889734)",0,ru,1529947942,81,55.19,56.67,70.59,2.71
59,barrow,"(73.77680932621229, -149.8971140548735)",90,us,1529945700,78,39.51,-90.4,78.8,9.17
60,port-gentil,"(-0.3975384124576067, 3.3406107124593802)",32,ga,1529947944,85,-0.72,8.78,80.04,10.98
61,mar del plata,"(-47.88538905768021, -53.1475610008908)",64,ar,1529947945,58,-46.43,-67.52,49.8,14
62,bredasdorp,"(-82.3025961182596, 26.867031198140694)",8,za,1529946000,82,-34.53,20.04,55.4,4.7
63,hamilton,"(26.903101954851195, -66.64356304470675)",20,bm,1529945700,70,32.3,-64.78,84.2,14.99
64,alghero,"(40.75063528322963, 6.29904375832777)",20,it,1529945400,65,40.56,8.32,77,9.17
65,hilo,"(21.064563505205456, -152.6346045080344)",90,us,1529945760,88,19.71,-155.08,73.4,5.82
67,wewak,"(-0.18697088785826566, 144.02619986177137)",32,pg,1529947953,100,-3.55,143.63,73.56,2.15
68,aksu,"(41.52682241800795, 81.2201881923948)",12,cn,1529947954,59,41.12,80.26,58.26,5.06
69,eregli,"(37.54560557270402, 33.715964786655576)",88,tr,1529947719,80,37.51,34.05,65.01,2.59
70,tiksi,"(75.33961074320808, 124.81179886889197)",80,ru,1529947956,92,71.64,128.87,32.16,15.68
72,ciudad bolivar,"(8.234926443298264, -63.49168663246856)",64,ve,1529947959,99,8.12,-63.55,80.94,7.07
73,plouzane,"(46.45260334724588, -5.783596161676314)",0,fr,1529946000,56,48.38,-4.62,80.6,16.11
74,gazli,"(41.24698206850954, 62.97199633432436)",0,uz,1529947961,21,40.13,63.45,80.94,10.09
75,whitehorse,"(60.92646611297039, -132.6252931097212)",75,ca,1529942400,62,60.72,-135.06,51.8,3.36
76,lukoyanov,"(54.906200122078985, 44.53729066667566)",32,ru,1529947963,52,55.03,44.48,77.16,3.94
77,iracoubo,"(12.57379586607503, -50.99525937896277)",76,gf,1529947965,81,5.48,-53.21,79.68,1.92
78,nabire,"(-3.523969817521703, 134.06147260005264)",92,id,1529947966,100,-3.36,135.5,66.63,2.04
79,ayagoz,"(48.64901195466226, 78.34759346856401)",24,kz,1529947967,59,47.96,80.43,63.21,4.94
80,atuona,"(7.577494461224205, -133.9725121140286)",100,pf,1529947968,100,-9.8,-139.03,76.44,18.59
81,ivrea,"(45.57349669729746, 7.7851690231344435)",20,it,1529945700,41,45.47,7.87,78.8,9.17
82,nizhnyaya poyma,"(55.98377474155325, 97.09046130051297)",0,ru,1529947971,68,56.16,97.2,66.99,4.5
83,port alfred,"(-72.35965281540203, 37.50587103738803)",36,za,1529947972,100,-33.59,26.89,60.33,3.71
84,saldanha,"(-41.934090556034526, -1.902220636893503)",0,za,1529946000,87,-33.01,17.94,57.2,5.82
85,newport,"(44.36884697806369, -124.98509781776974)",40,us,1529946900,50,41.49,-71.31,78.8,16.11
86,mahebourg,"(-50.61353795175502, 76.49868533573158)",75,mu,1529946000,64,-20.41,57.7,73.4,12.75
87,samarai,"(-13.273761758997423, 148.87562908944625)",92,pg,1529947977,100,-10.62,150.67,77.52,18.59
89,dongsheng,"(38.33847434177545, 109.03495603837854)",8,cn,1529947980,69,29.72,112.52,84.72,14
90,havre-saint-pierre,"(55.742349991637866, -62.979581334738825)",75,ca,1529946000,76,50.23,-63.6,53.6,11.41
91,hithadhoo,"(-11.729954007930715, 73.1817075057674)",12,mv,1529947982,100,-0.6,73.08,83.28,9.53
92,esperance,"(-38.26191662413209, 125.87963052441864)",20,au,1529947983,84,-33.86,121.89,41.16,8.52
93,bathsheba,"(12.948455367119166, -55.60079013325776)",20,bb,1529946000,66,13.22,-59.52,86,24.16
94,inhambane,"(-28.08334742747813, 37.59773476479006)",20,mz,1529946000,82,-23.87,35.38,64.4,6.62
95,qarqin,"(37.909375458826304, 65.94535755323966)",0,af,1529947987,22,37.41,66.03,84.81,13.22
96,mareeba,"(-16.340075208677078, 143.90362771066776)",90,au,1529946000,93,-16.99,145.42,66.2,8.05
97,innisfail,"(-17.9032894189897, 146.00495534392547)",92,au,1529947990,90,-17.52,146.03,63.75,5.73
98,faanui,"(-1.356775313392859, -153.37605677878298)",0,pf,1529947991,100,-16.48,-151.75,80.76,14
100,beringovskiy,"(52.39831453807096, 177.51921341828967)",76,ru,1529947993,100,63.05,179.32,42.06,6.73
101,hasaki,"(25.27276202603413, 155.64032934520833)",75,jp,1529944200,100,35.73,140.83,71.6,3.36
102,padang,"(-7.8776646675382125, 89.97962839764034)",76,id,1529947996,100,-0.92,100.36,84.18,5.5
104,lensk,"(60.32206258470512, 115.60956154341125)",68,ru,1529947998,78,60.71,114.91,61.68,2.15
105,kavieng,"(-0.42311953746687436, 149.7498277472908)",20,pg,1529947999,100,-2.57,150.8,82.2,10.42
106,miandrivazo,"(-18.65045545424931, 44.32285773710694)",20,mg,1529948001,79,-19.53,45.46,61.59,2.48
107,praia,"(10.669033577294442, -23.620070822828097)",20,cv,1529946000,48,14.92,-23.51,84.2,19.46
108,avarua,"(-34.20873941258726, -164.35523593299249)",75,ck,1529946000,94,-21.21,-159.78,73.4,1.12
109,nara,"(16.442048897578502, -7.528243789306174)",32,ml,1529948004,37,15.17,-7.29,95.88,18.14
110,changji,"(45.48214993319618, 87.95510853851493)",36,cn,1529948005,76,32.07,116.17,81.75,8.75
111,chuy,"(-56.86230078231918, -30.236625958442772)",0,uy,1529948007,77,-33.69,-53.46,55.02,10.42
112,galle,"(4.851936458786682, 78.43596220443214)",36,lk,1529948008,90,6.04,80.22,80.76,14
113,peniche,"(39.491393575029264, -11.227487514440668)",90,pt,1529946000,82,39.36,-9.38,78.8,8.05
115,manaus,"(-1.873158249386293, -60.37035676008641)",40,br,1529946000,70,-3.13,-59.98,86,4.7
116,borzya,"(49.88484249710953, 116.09830659595372)",56,ru,1529948013,83,50.39,116.53,57.81,4.38
117,bodden town,"(16.63456881170808, -80.61690011039713)",40,ky,1529946000,74,19.28,-81.25,87.8,13.87
118,dunedin,"(-52.68480233268397, 178.86573846918583)",92,nz,1529947760,100,-45.87,170.5,34.41,12.77
120,tasiilaq,"(80.18131330835541, -39.828378847529166)",40,gl,1529945400,86,65.61,-37.64,41,9.17
121,simcoe,"(42.75626822358214, -80.34580334495634)",75,ca,1529946000,49,42.84,-80.31,69.8,6.93
122,albany,"(-87.12133936902929, 113.02409379474119)",64,au,1529948020,70,-35.02,117.88,47.46,9.08
123,vanavara,"(61.193486092425275, 100.09996449396647)",0,ru,1529948022,86,60.35,102.28,66.54,2.37
124,kahului,"(35.994598426910684, -145.65526503710257)",40,us,1529945760,78,20.89,-156.47,75.2,13.87
125,lagoa,"(49.46464947025069, -27.48466568092266)",0,pt,1529946000,60,37.14,-8.45,75.2,17.22
127,los llanos de aridane,"(26.48670860084843, -23.64412127322072)",75,es,1529946000,69,28.66,-17.92,75.2,6.93
128,katsuura,"(30.247181441741063, 144.20864717114)",24,jp,1529948028,90,33.93,134.5,68.52,4.16
129,qasigiannguit,"(67.91825059096146, -51.916841043458874)",90,gl,1529945400,80,68.82,-51.19,35.6,8.05
130,new norfolk,"(-63.3812745572143, 131.93358739428362)",20,au,1529946000,87,-42.78,147.06,42.8,10.29
131,kosh-agach,"(49.38294568269899, 87.99293441341712)",64,ru,1529948031,37,49.99,88.66,54.57,4.16
132,acapulco,"(5.911734240251533, -105.09153675034092)",20,mx,1529945100,74,16.86,-99.88,86,8.05
133,gedo,"(9.221500637513628, 37.568751308344076)",80,et,1529948034,100,9.01,37.45,57.18,1.7
134,deputatskiy,"(72.79826598673637, 142.41549486289694)",92,ru,1529948035,100,69.3,139.9,39.27,10.2
135,te anau,"(-42.53775088558796, 166.0936787223302)",92,nz,1529948036,98,-45.41,167.72,33.6,4.61
136,yellowknife,"(73.4531002176087, -115.21406546420454)",90,ca,1529946000,76,62.45,-114.38,57.2,12.75
137,north bend,"(43.99755337921454, -126.19531600651104)",90,us,1529946900,93,43.41,-124.22,59,14.99
138,tadine,"(-21.113226528508974, 168.0155585440756)",88,nc,1529948040,100,-21.55,167.88,69.96,20.04
139,lompoc,"(33.89932284687397, -120.55673403731083)",90,us,1529945760,87,34.64,-120.46,66.2,5.82
141,luderitz,"(-26.22821213058382, 15.082286549998969)",0,na,1529948044,91,-26.65,15.16,55.56,16.02
142,lebu,"(-38.96184810649364, -80.23612638838978)",92,cl,1529948045,99,-37.62,-73.65,54.21,14.23
143,svetlaya,"(47.540395910521084, 139.22203108898663)",76,ru,1529948046,100,46.54,138.33,49.17,5.5
144,solnechnyy,"(60.996703215142446, 136.4946267766128)",88,ru,1529948047,82,50.72,136.64,55.02,5.5
145,cabo san lucas,"(9.774506132860765, -124.03115288848815)",5,mx,1529945040,48,22.89,-109.91,87.8,4.7
146,humberto de campos,"(-0.8434871910700537, -42.7806725188791)",92,br,1529948050,80,-2.6,-43.46,84.99,9.53
147,maragogi,"(-14.164601069721684, -26.074464465001967)",48,br,1529947942,81,-9.01,-35.22,78.51,11.43
149,chokurdakh,"(82.67126905770903, 154.45349930806833)",64,ru,1529948053,88,70.62,147.9,32.25,19.48
150,hovd,"(45.81986970204309, 102.01739652729412)",24,mn,1529948055,41,48.01,91.64,60.78,2.15
151,puerto escondido,"(9.226388282040304, -98.72180398980099)",20,mx,1529945100,66,15.86,-97.07,87.8,4.72
152,ahipara,"(-36.06930427424624, 166.6904812777671)",88,nz,1529948057,90,-35.17,173.16,54.84,20.04
153,northam,"(-29.9606430746015, 119.23595772332322)",68,au,1529946000,51,-31.65,116.67,59,9.17
154,sao filipe,"(6.483375913713459, -30.681555197823002)",0,cv,1529948060,93,14.9,-24.5,74.91,13
155,vestmannaeyjar,"(53.66177816732571, -21.01866365484861)",75,is,1529946000,81,63.44,-20.27,46.4,17.22
156,gelendzhik,"(44.568937985678986, 38.085900629025446)",48,ru,1529948062,87,44.56,38.08,77.61,10.54
157,kisangani,"(0.520809324665052, 26.66396002833264)",56,cd,1529948063,89,0.52,25.21,75.36,1.48
158,ventspils,"(58.17827636608237, 20.382691455912237)",75,lv,1529947200,77,57.39,21.56,60.8,5.82
159,sauce,"(-6.750120140444906, -76.11406534186972)",40,pe,1529946000,66,-6.69,-76.22,86,2.59
161,souillac,"(-46.34601646640974, 70.3938569346426)",75,mu,1529946000,64,-20.52,57.52,73.4,12.75
162,casper,"(43.292357904419106, -106.55124785009735)",1,us,1529945580,43,42.87,-106.31,71.6,8.05
163,skovorodino,"(52.83416808802815, 123.50205152370421)",92,ru,1529948071,99,53.99,123.94,56.64,6.62
164,bilibino,"(67.66343499398585, 168.60081365585665)",76,ru,1529948072,75,68.06,166.44,52.68,2.59
166,sept-iles,"(50.26954201841127, -65.3354694329737)",75,ca,1529946000,54,50.2,-66.38,53.6,8.05
167,salalah,"(18.87039439619666, 49.8991769636242)",48,om,1529947840,100,17.01,54.1,79.86,7.52
168,tarakan,"(2.7285085447138897, 118.33381771229625)",24,id,1529948077,100,3.3,117.63,78.15,1.36
169,erdenet,"(49.70047506221189, 104.68363194330504)",12,mn,1529948078,79,49.03,104.04,51.42,2.71
171,rio claro,"(9.737507856434306, -60.144286329649916)",40,tt,1529946000,74,10.31,-61.18,86,16.11
173,marrakesh,"(32.41810445893857, -7.7750357779975445)",0,ma,1529946000,31,31.63,-7.99,87.8,5.82
174,qaanaaq,"(76.36936287010059, -72.61417577336675)",44,gl,1529948084,100,77.48,-69.36,31.44,1.92
175,olga,"(40.90065847102008, 136.66751935001122)",88,ru,1529948085,90,43.74,135.29,52.68,2.59
177,lively,"(46.44117120959257, -81.42055946679044)",5,ca,1529946000,29,46.43,-81.15,62.6,9.17
178,mattru,"(6.1978921683137, -12.60453184991917)",92,sl,1529948089,92,7.62,-11.83,78.78,3.94
179,victoria,"(1.6699744865045716, 61.31220274391049)",40,sc,1529946000,88,-4.62,55.45,78.8,9.17
180,castro,"(-52.02259800091131, -100.48554584746753)",92,cl,1529948091,98,-42.48,-73.76,51.06,12.44
181,pemba,"(-13.476788339235668, 40.791255318074235)",0,mz,1529948092,100,-12.97,40.52,78.78,17.25
182,port blair,"(13.044874075788996, 90.90525083391879)",88,in,1529948094,100,11.67,92.75,81.21,19.26
183,havelock,"(32.512623986020444, -76.00239265277024)",75,us,1529945880,62,34.88,-76.9,89.6,3.36
185,bosaso,"(11.106196303824873, 47.1969624486029)",20,so,1529948097,93,11.28,49.18,86.88,3.49
187,iqaluit,"(58.466838257019674, -75.27347374685203)",75,ca,1529946000,80,63.75,-68.52,39.2,6.93
189,constitucion,"(17.633960141987686, -119.97163709313196)",5,mx,1529944860,46,23.99,-104.67,73.4,4.7
190,thompson,"(73.42112596751633, -94.32741528054468)",75,ca,1529947500,54,55.74,-97.86,80.6,11.41
191,khatanga,"(73.48657562611433, 99.82844766300207)",0,ru,1529948104,61,71.98,102.47,60.42,13.67
192,college,"(71.50309738640112, -147.35844123883297)",75,us,1529945760,59,64.86,-147.8,60.8,2.59
193,bud,"(71.92305002099704, 3.1117014013112225)",40,no,1529945400,63,62.91,6.91,60.8,10.29
194,hohhot,"(41.788633864924236, 110.99396376395595)",0,cn,1529946000,72,40.81,111.65,66.2,4.47
195,sitka,"(39.653964781263454, -144.2737385234198)",0,us,1529948109,99,37.17,-99.65,75.81,6.62
196,bereznik,"(62.75770435786836, 42.38424728015619)",32,ru,1529948111,89,62.86,42.71,68.88,6.96
197,bluff,"(-89.37812028253161, 160.3704855890154)",88,nz,1529948112,100,-46.6,168.33,46.2,23.29
199,marsa matruh,"(28.692888587932927, 26.530426083295993)",0,eg,1529946000,69,31.35,27.25,78.8,6.93
200,henties bay,"(-22.12724855582927, 7.09622328555173)",0,na,1529948116,95,-22.12,14.28,58.62,9.42
202,kupang,"(-11.536551583718548, 123.63467675538249)",64,id,1529948118,85,-10.16,123.6,78.96,15.46
203,portland,"(-50.774951156656776, 135.9804967084268)",0,au,1529948119,77,-33.35,149.98,22.71,1.59
204,kalmunai,"(4.10718777106824, 87.99951718263458)",56,lk,1529948121,93,7.42,81.82,75.54,2.37
206,cuenca,"(40.530477684107524, -2.2883352529756564)",36,es,1529948045,28,40.07,-2.13,84.18,5.06
207,sao caetano de odivelas,"(0.28198629449717316, -48.21685857425766)",8,br,1529948125,88,-0.75,-48.02,85.89,9.53
209,camargo,"(-20.069095158312052, -64.72728190595744)",0,bo,1529948127,45,-20.64,-65.21,57.9,4.05
210,shimoda,"(26.884738578766942, 141.97620635688872)",75,jp,1529943360,88,34.7,138.93,71.6,11.65
211,saint-philippe,"(-56.91327336194878, 68.41222824281871)",75,re,1529946000,64,-21.36,55.77,71.6,19.46
212,sheltozero,"(62.192786592351155, 35.59339422887294)",0,ru,1529948131,62,61.37,35.37,61.41,9.64
213,brae,"(66.71573610038607, -1.2754203293278579)",75,gb,1529945400,76,60.4,-1.35,55.4,13.87
215,sterling,"(40.51279279599507, -102.89065938655071)",40,us,1529946900,57,39.0,-77.4,82.4,10.29
217,vangaindrano,"(-23.93371973132055, 48.1233928506787)",92,mg,1529948137,100,-23.35,47.6,64.83,1.59
218,altar,"(31.208563637810997, -111.82897070800394)",0,mx,1529948138,18,30.72,-111.84,95.16,4.16
219,batagay,"(66.1985977193892, 134.52827490834648)",92,ru,1529948139,88,67.65,134.64,62.49,8.97
220,narsaq,"(78.64229468251176, -65.79282183375916)",20,gl,1529945400,53,60.91,-46.05,50,9.17
221,kodiak,"(47.244601436068365, -152.36042677705439)",75,us,1529946780,83,39.95,-94.76,75.2,19.46
222,belmonte,"(-17.26817903628394, -32.437498214786814)",92,br,1529948143,100,-26.84,-53.58,65.28,9.19
223,ribeira grande,"(28.62285700463886, -37.128485533867064)",40,pt,1529946000,83,38.52,-28.7,73.4,5.82
224,columbus,"(41.45567803488012, -97.15978741244395)",40,us,1529945880,55,32.46,-84.99,95,8.05
225,east london,"(-72.37022494640186, 52.471183937005094)",24,za,1529946000,82,-33.02,27.91,55.4,4.7
226,ponta do sol,"(15.568084992503103, -33.01091176658181)",0,cv,1529948148,100,17.2,-25.09,72.84,15.01
227,pisco,"(-17.333275913205327, -81.13747383388761)",0,pe,1529946000,77,-13.71,-76.2,64.4,10.29
228,tahoua,"(17.41881432048484, 4.354154942025787)",0,ne,1529946000,30,14.89,5.26,96.8,4.7
230,wattegama,"(6.366005489214103, 82.01927948584512)",100,lk,1529948153,100,7.35,80.68,70.95,4.72
231,fukue,"(33.09321347147461, 128.5979445396385)",75,jp,1529946000,88,35.03,136.69,75.2,16.11
232,zhigansk,"(69.90283982622137, 119.29659686467062)",20,ru,1529948155,76,66.77,123.37,59.88,8.08
234,chamba,"(32.43500368105836, 76.16549366150855)",24,in,1529948158,56,32.56,76.12,66.27,2.04
235,greece,"(43.445118452305906, -78.01956259941738)",20,us,1529945640,35,43.21,-77.69,71.6,11.41
236,buraydah,"(27.48769918681407, 42.90380991962701)",0,sa,1529946000,18,26.33,43.97,102.2,6.93
237,nerchinsk,"(52.159315814046835, 116.74068536680954)",92,ru,1529948162,98,51.98,116.59,56.82,8.41
238,mantua,"(22.555146125790372, -84.27878899199459)",24,cu,1529948163,63,22.29,-84.28,87.78,6.17
239,groningen,"(6.738357341871634, -55.636333986362814)",20,sr,1529946000,62,5.79,-55.48,84.2,6.93
241,amaraji,"(-8.385270477501095, -35.41142458685388)",20,br,1529946000,69,-8.37,-35.45,80.6,16.11
242,le vauclin,"(16.016963713457386, -58.525199441320495)",90,mq,1529947800,70,14.55,-60.84,86,17.22
243,nyimba,"(-14.92629859479473, 31.23206831371354)",88,zm,1529948169,45,-14.56,30.81,73.56,6.62
244,malindi,"(-3.960276272880421, 40.889364959206915)",75,ke,1529942400,73,-3.22,40.12,77,9.17
245,luganville,"(-15.103721531175395, 167.87968420920055)",56,vu,1529948171,100,-15.51,167.18,76.53,17.25
246,tabuk,"(29.14614518208529, 37.78114847011648)",0,sa,1529946000,12,28.38,36.58,98.6,6.93
248,tanabe,"(33.09275519292761, 134.93189698024452)",88,jp,1529948175,84,33.73,135.39,67.98,1.7
249,egvekinot,"(61.233143681760794, -178.85533994358616)",48,ru,1529948176,82,66.32,-179.17,39.81,4.5
252,pevek,"(71.29650470124551, 168.54272757121595)",88,ru,1529948180,91,69.7,170.27,34.32,6.17
253,heihe,"(50.7503805594564, 126.23609001506708)",88,cn,1529948181,97,33.22,106.45,68.88,2.37
254,neyyattinkara,"(8.439225021260839, 77.10829424002571)",75,in,1529944200,83,8.4,77.08,80.6,5.82
255,baiquan,"(47.49142348978074, 126.34691503302423)",88,cn,1529948184,100,47.61,126.08,61.5,4.38
256,nome,"(68.23319464452416, -165.72477086756197)",1,us,1529946900,62,30.04,-94.42,89.6,11.41
259,abu dhabi,"(22.55673702553088, 54.717715426431056)",0,ae,1529946000,52,24.47,54.37,93.2,4.7
260,mishkino,"(55.40292062691634, 63.60958352849275)",40,ru,1529946000,42,56.22,46.62,82.4,4.47
261,grenfell,"(50.48297049900614, -103.1038560276115)",24,ca,1529948191,74,50.41,-102.93,75.81,8.08
262,lavrentiya,"(76.6344100394914, -169.6108907718363)",20,ru,1529948192,100,65.58,-170.99,38.19,1.59
263,mehamn,"(73.10694515762009, 28.54594828043173)",36,no,1529948194,70,71.03,27.85,54.39,2.93
264,mitsamiouli,"(-5.75749653841649, 46.765612553328594)",20,km,1529946000,78,-11.38,43.28,75.2,4.7
266,langres,"(47.87068653643041, 5.431089887185237)",0,fr,1529946000,44,47.87,5.33,75.2,13.87
267,harper,"(-0.36660040467199906, -9.561289467927025)",92,lr,1529948198,100,4.38,-7.71,78.51,11.1
268,north platte,"(42.1072710040049, -101.51458437221135)",90,us,1529946540,93,41.12,-100.77,62.6,5.82
269,cooma,"(-37.07942219075078, 149.0916894818647)",0,au,1529948201,65,-36.24,149.13,22.62,2.48
270,la primavera,"(5.575358296300763, -69.5925643078855)",76,co,1529948202,100,5.49,-70.41,79.95,5.5
272,hami,"(44.02854243636469, 91.9841168154507)",36,cn,1529948204,29,42.84,93.51,78.87,10.98
273,aksarka,"(67.2758635686717, 67.27652389234001)",20,ru,1529948206,60,66.56,67.8,60.51,2.37
274,valparaiso,"(-32.338573488184565, -76.94141819294977)",0,cl,1529946000,51,-33.04,-71.63,60.8,5.82
275,port elizabeth,"(-84.74803187320462, 37.780690531091125)",48,za,1529946000,82,-33.92,25.57,55.4,2.24
276,martapura,"(-3.2473417562736273, 115.4357444794137)",75,id,1529944200,100,-3.41,114.85,75.2,1.12
277,klaksvik,"(67.70678291721222, -6.103463114335824)",24,fo,1529945400,81,62.23,-6.59,51.8,8.05
279,saint-francois,"(16.71193093289375, -57.045500015218835)",75,gp,1529947800,62,16.25,-61.27,86,13.87
280,snasa,"(63.674259005938325, 13.284611065079275)",75,no,1529943600,76,64.25,12.38,53.6,18.34
281,kamaishi,"(37.802048160968155, 143.82319945371478)",0,jp,1529948215,89,39.28,141.86,56.01,3.15
282,mandalgovi,"(45.79582640132824, 105.14112125551424)",20,mn,1529948217,53,45.76,106.27,57.81,9.08
283,kalaleh,"(37.64021209103903, 56.385886944768345)",0,ir,1529947984,54,37.38,55.49,74.28,5.39
285,quatre cocos,"(-15.420541624247406, 67.28160132979656)",75,mu,1529946000,64,-20.21,57.76,73.4,12.75
287,sfantu gheorghe,"(43.8710483060818, 31.511963486987753)",0,ro,1529946000,38,44.65,26.83,77,5.82
288,dikson,"(77.71781047471882, 85.86286779776754)",20,ru,1529948224,99,73.51,80.55,35.13,6.73
289,touros,"(-1.2506711483304116, -29.882122363054805)",0,br,1529948226,64,-5.2,-35.46,84.72,16.58
290,magistralnyy,"(55.77666272425466, 106.85285446670912)",0,ru,1529948227,80,56.17,107.45,58.17,4.16
291,georgetown,"(-18.211647189850908, -22.67096479622444)",88,sh,1529948228,100,-7.93,-14.42,78.06,18.81
292,san cristobal,"(0.5031134160337842, -85.27103905051618)",76,ec,1529948229,100,-1.02,-79.44,65.55,3.04
293,tautira,"(-16.10275642037739, -147.06644780223397)",20,pf,1529946000,78,-17.73,-149.15,75.2,2.24
294,vardo,"(87.32053605937512, 37.919772833058175)",0,no,1529945400,67,70.37,31.11,57.2,2.24
296,kurara,"(26.0245773065585, 80.04426499693233)",92,in,1529948234,96,25.98,79.99,75.72,10.09
297,iquique,"(-19.757772305705927, -70.59173545299141)",40,cl,1529946000,63,-20.22,-70.14,62.6,8.05
298,nikolskoye,"(51.64737906663933, 164.8777979317548)",0,ru,1529946000,45,59.7,30.79,68,6.71
299,kysyl-syr,"(64.24184810197724, 122.33877655197853)",12,ru,1529948238,93,63.9,122.77,59.16,4.94
300,fairbanks,"(77.2542836749686, -144.22207881057966)",75,us,1529945760,59,64.84,-147.72,60.8,2.59
301,yumen,"(34.86216205527201, 95.22610261288213)",0,cn,1529948240,55,40.29,97.04,63.21,5.61
302,hueyotlipan,"(19.562661378546522, -98.37449750387417)",20,mx,1529945280,55,19.47,-98.35,66.2,10.29
303,pulgaon,"(20.90449356567916, 78.41571184551424)",36,in,1529948243,84,20.73,78.32,77.88,10.54
304,gamba,"(-7.9075765505645705, 1.5462844082098854)",24,ga,1529948244,97,-2.72,10.02,74.37,9.98
305,port-cartier,"(54.7470186629553, -68.95598112872648)",75,ca,1529946000,54,50.03,-66.88,53.6,8.05
306,joshimath,"(32.48020213010366, 80.46112260319615)",56,in,1529948247,98,30.57,79.57,35.58,0.58
308,jasper,"(34.0953432240529, -87.1905203393802)",8,us,1529946420,63,33.83,-87.28,91.4,9.17
309,aklavik,"(74.25603678263914, -140.78534066682684)",90,ca,1529946000,76,68.22,-135.01,51.8,4.7
310,gorontalo,"(1.2351776140022963, 122.57038254632033)",88,id,1529948252,98,0.54,123.06,73.56,1.92
311,bethel,"(46.49780826875829, -165.21929365783095)",92,us,1529948253,89,60.79,-161.76,51.06,3.6
312,lebanon,"(37.30173852242228, -92.64892156114611)",75,us,1529946900,40,43.64,-72.25,71.6,11.41
313,harindanga,"(19.139996857533646, 89.5369063060437)",75,in,1529946000,94,22.04,88.32,78.8,4.7
314,upernavik,"(73.14936478466518, -59.71592531097296)",88,gl,1529948257,100,72.79,-56.15,31.26,3.15
315,guatire,"(11.656442023595034, -65.51251411484178)",20,ve,1529946000,66,10.47,-66.54,86,6.93
316,na wa,"(17.65667883906744, 104.18924530420395)",92,th,1529948260,95,17.49,104.1,74.28,5.06
317,yelizovo,"(53.36153263650675, 158.5334317886663)",90,ru,1529946000,93,53.19,158.38,42.8,2.24
318,sao joao da barra,"(-35.51480266215115, -22.950268405027543)",20,br,1529946000,45,-21.64,-41.05,86,5.82
319,sabzevar,"(35.41507588940836, 56.78361956116751)",0,ir,1529948264,18,36.21,57.68,76.71,8.19
321,surt,"(31.598489480908057, 15.891565466720323)",36,ly,1529948266,75,31.21,16.59,79.59,13.22
322,coari,"(-4.045948834837418, -63.253197379652974)",20,br,1529948267,61,-4.09,-63.14,87.78,3.04
323,turukhansk,"(65.15767956589224, 89.01453461562414)",80,ru,1529948268,68,65.8,87.96,68.34,6.96
324,banda aceh,"(2.547230468228207, 89.26457551069637)",64,id,1529948270,89,5.56,95.32,76.44,2.93
325,loikaw,"(19.864388857367047, 97.19564453547622)",92,mm,1529948271,100,19.67,97.21,68.34,2.48
327,sorland,"(69.27018380590815, 11.229423779172095)",75,no,1529945400,87,67.67,12.69,51.8,14.99
328,road town,"(20.697545389776963, -64.98368961905304)",40,vg,1529946000,62,18.42,-64.62,87.8,13.87
329,cockburn town,"(28.200974933815985, -72.84706161818933)",76,bs,1529948117,93,24.03,-74.52,83.19,15.79
330,pulandian,"(39.432833512294565, 121.9496672254736)",75,cn,1529946000,94,39.4,121.96,71.6,13.42
331,inuvik,"(66.51802361031164, -133.26925215822826)",75,ca,1529946000,66,68.36,-133.71,51.8,5.17
332,nueve de julio,"(-35.644587862527636, -60.62060614412822)",0,ar,1529948199,45,-31.67,-68.39,57.54,0.92
333,namatanai,"(0.09831561257088595, 155.0926915431769)",68,pg,1529948281,100,-3.66,152.44,80.13,7.74
335,prokhorovka,"(50.931135068488345, 36.647810089848406)",0,ru,1529946000,59,51.03,36.73,66.2,4.47
336,praia da vitoria,"(44.02581742861929, -23.38050522173333)",40,pt,1529946000,83,38.73,-27.07,73.4,3.49
337,erenhot,"(42.79397564839351, 111.03995159150327)",0,cn,1529948286,42,43.65,111.97,66.72,9.08
340,menzelinsk,"(55.94135756335447, 53.313810345552724)",0,ru,1529946000,48,55.73,53.11,82.4,4.47
341,norman wells,"(77.24878413427604, -123.28051258738226)",90,ca,1529946000,81,65.28,-126.83,53.6,5.82
342,srivardhan,"(17.08856552223783, 70.92284320244178)",92,in,1529948292,100,18.03,73.02,71.85,4.61
343,kulashi,"(42.25812212423415, 42.32135562608187)",75,ge,1529947800,83,42.21,42.35,77,4.7
344,alugan,"(13.819418206738362, 127.42685987602039)",8,ph,1529948294,100,12.22,125.48,76.8,3.04
345,olutanga,"(6.893771790975862, 123.05192935812624)",32,ph,1529948296,100,7.31,122.85,83.01,3.38
347,berbera,"(10.816357987054872, 45.938374194175026)",48,so,1529948298,48,10.44,45.01,82.29,2.71
348,taoudenni,"(24.875464927676106, -8.353933382877955)",0,ml,1529948299,8,22.68,-3.98,108.66,7.07
349,sao miguel do araguaia,"(-13.080131836008334, -51.91439439369117)",0,br,1529948301,62,-13.28,-50.16,84.54,9.08
350,nemuro,"(36.25962094693752, 149.6878723644365)",24,jp,1529948302,100,43.32,145.57,50.7,14.23
351,cascais,"(37.680457031524554, -12.220310058708066)",20,pt,1529946000,60,38.7,-9.42,78.8,12.75
352,douglas,"(31.5559407075105, -109.32926227919302)",40,us,1529945760,52,31.51,-82.85,95,3.36
353,evensk,"(62.618656184905376, 159.70570184013104)",32,ru,1529948306,98,61.92,159.24,46.74,3.15
355,kropotkin,"(58.734823588495516, 115.00623989124193)",44,ru,1529948308,39,45.43,40.58,82.56,7.4
357,erzin,"(48.00751370439596, 95.2644688821573)",0,ru,1529948311,54,50.26,95.16,54.12,3.6
358,kieta,"(-1.2458128878327557, 158.57914775477178)",68,pg,1529948312,100,-6.22,155.63,76.26,3.04
359,chapais,"(56.34773577389788, -72.87894479663323)",40,ca,1529946000,33,49.78,-74.86,57.2,10.29
360,markova,"(59.56907746586967, 105.76466845575357)",0,ru,1529946000,93,52.21,104.21,59,2.24
362,susanville,"(41.38325430313421, -120.4416154431153)",1,us,1529945700,29,40.42,-120.65,78.8,4.7
364,bambous virieux,"(-24.378874862748432, 69.7229385170134)",75,mu,1529946000,64,-20.34,57.76,73.4,12.75
365,kununurra,"(-17.838612567096575, 131.45437010674414)",0,au,1529946000,37,-15.77,128.74,69.8,6.93
366,tura,"(67.98545098987111, 100.89090871102457)",0,ru,1529948321,88,64.27,100.22,64.02,2.04
367,mattoon,"(39.73458681910185, -88.35615869050208)",75,us,1529946480,88,39.48,-88.38,77,5.82
368,mandera,"(3.0175584846397925, 41.47141097147551)",100,ke,1529948324,37,3.94,41.87,88.68,12.66
369,celestun,"(21.582809053704366, -91.00217541883458)",0,mx,1529948325,95,20.87,-90.4,83.91,4.72
370,ilulissat,"(83.02098530280941, -42.169182793018365)",90,gl,1529945400,80,69.22,-51.1,35.6,8.05
371,presidencia roque saenz pena,"(-27.7586673305385, -60.170389770372154)",0,ar,1529948328,65,-26.79,-60.44,60.78,8.52
372,richards bay,"(-30.499304643882866, 39.43687561480115)",0,za,1529948329,96,-28.77,32.06,58.8,4.05
373,severo-kurilsk,"(33.91145537877705, 163.90846508734302)",0,ru,1529948330,100,50.68,156.12,38.28,3.04
374,evansville,"(38.271993786291034, -87.33461272795718)",90,us,1529946240,88,37.97,-87.56,77,3.36
375,safford,"(32.77720786255533, -110.12084930631187)",1,us,1529945460,13,32.83,-109.71,93.2,16.11
376,poltavka,"(53.950757710670416, 71.3191542126504)",92,ru,1529948334,61,54.36,71.76,66.81,5.17
378,cayenne,"(8.865680792766781, -43.86702673278512)",92,gf,1529947800,88,4.94,-52.33,78.8,3.36
379,port hueneme,"(31.656652656240766, -120.48868205513838)",90,us,1529945880,64,34.15,-119.2,69.8,4.94
380,tabas,"(33.77327146977176, 55.23013768593725)",0,ir,1529948339,15,33.6,56.92,87.06,10.76
381,key biscayne,"(25.669215484849843, -80.1529668168959)",75,us,1529945760,59,25.69,-80.16,89.6,10.29
382,caravelas,"(-20.59230320847, -29.4340983460755)",0,br,1529948341,97,-17.73,-39.27,77.34,12.55
383,nuuk,"(59.64781549470882, -56.98819034259692)",75,gl,1529945400,69,64.17,-51.74,39.2,6.93
384,macapa,"(0.9732537592915946, -51.25003814467948)",40,br,1529946000,59,0.05,-51.07,89.6,9.17
385,sabirabad,"(40.21954244242036, 48.21155364773642)",0,az,1529948345,39,40.01,48.48,80.85,5.95
386,meulaboh,"(-5.895661412602394, 88.07532716172966)",64,id,1529948346,100,4.14,96.13,80.13,3.6
387,hobyo,"(2.4555330153170445, 54.46489555455659)",20,so,1529948347,78,5.35,48.53,76.98,19.15
388,santa ana,"(16.665938098369722, -89.74768743978711)",44,gt,1529948349,75,16.81,-89.82,83.55,5.61
390,leningradskiy,"(76.27668748098597, 176.05427590578324)",92,ru,1529948351,77,69.38,178.42,38.73,6.62
392,saint george,"(32.56299811226846, -63.1411190147446)",20,bm,1529945700,70,32.38,-64.68,84.2,14.99
393,makakilo city,"(7.969365244098938, -166.5720555636976)",1,us,1529945820,69,21.35,-158.09,78.8,5.82
394,panguipulli,"(-39.77128733557643, -72.36577723618191)",90,cl,1529946000,93,-39.64,-72.33,51.8,14.99
395,axim,"(0.7443758444704827, -3.4453809784362193)",0,gh,1529948357,96,4.87,-2.24,78.51,7.96
396,bronnoysund,"(65.98909085540882, 11.427320283930271)",75,no,1529945400,100,65.46,12.2,53.6,19.46
397,juruti,"(-2.8174257486852383, -55.85693715609878)",0,br,1529948360,59,-2.16,-56.09,89.67,3.04
398,umm kaddadah,"(13.83590149459505, 26.106984154336146)",64,sd,1529948361,23,13.6,26.69,90.12,6.17
399,bayji,"(35.19625744026507, 43.472400194546736)",0,iq,1529948362,15,34.93,43.49,93.36,9.75
400,anchorage,"(59.70994217061059, -148.92975623717481)",90,us,1529946240,82,61.22,-149.89,55.4,2.59
401,pakxan,"(19.007545182024984, 103.25221154679087)",92,la,1529948365,100,18.39,103.66,71.13,1.48
402,upington,"(-28.415061223231085, 20.381752569851784)",0,za,1529946000,30,-28.46,21.24,57.2,5.82
403,longyearbyen,"(88.8440119746021, 23.792264653815295)",75,sj,1529945400,86,78.22,15.64,41,13.87
404,bima,"(-7.893686423817144, 119.54065391835047)",8,id,1529948369,89,-8.45,118.73,75.99,6.51
405,jaguaruna,"(-28.90909994690673, -48.789723899952634)",92,br,1529948370,100,-28.62,-49.03,62.67,4.61
406,miura,"(35.16881152501111, 139.55133310211124)",75,jp,1529946000,88,35.17,139.64,73.4,6.93
407,kirakira,"(-11.851406305702369, 161.73038497638709)",92,sb,1529948372,100,-10.46,161.92,76.98,12.21
409,antalaha,"(-16.15134604863644, 51.987921036219575)",80,mg,1529948375,92,-14.9,50.28,72.21,13.22
410,fortuna,"(37.25294030955047, -141.72700051793512)",90,us,1529946000,82,40.6,-124.16,59,10.29
411,ndele,"(9.443670625151029, 21.48330245684042)",12,cf,1529948377,88,8.41,20.65,74.82,2.59
412,flinders,"(-32.99145261417131, 129.5587213273701)",8,au,1529942400,87,-34.58,150.85,42.8,9.17
413,longido,"(-2.8187529835486345, 36.307619104794185)",8,tz,1529948380,78,-2.73,36.7,58.44,4.94
415,nanortalik,"(61.06025910729855, -42.006816373893486)",88,gl,1529948382,100,60.14,-45.24,36.12,21.72
416,charters towers,"(-20.724152177899654, 143.22273958728346)",92,au,1529948383,78,-20.07,146.27,60.87,8.75
417,moose factory,"(55.28868199699764, -77.29801806315832)",1,ca,1529946000,35,51.26,-80.61,71.6,16.11
418,soe,"(-10.815259389340667, 125.00346002072189)",12,id,1529948386,94,-9.86,124.28,59.52,2.04
419,orlik,"(51.33120575570541, 99.98516008502236)",20,ru,1529948387,91,52.51,99.83,39.18,1.59
420,korsakov,"(46.35148873535957, 142.59177908440842)",75,ru,1529946000,93,46.63,142.78,46.4,2.24
421,great bend,"(37.67715686066191, -98.8441516255019)",1,us,1529945760,64,38.36,-98.78,73.4,18.34
422,austintown,"(41.04204071246761, -80.73215846335735)",75,us,1529947020,60,41.1,-80.76,75.2,4.61
423,namibe,"(-16.942080564694322, 4.31128735326206)",0,ao,1529948392,100,-15.19,12.15,69.87,8.63
424,neosho,"(36.90464555330195, -94.11812919330646)",1,us,1529946900,73,43.31,-88.52,73.4,10.29
426,korla,"(36.42235067170735, 86.15448194095546)",56,cn,1529948396,77,41.76,86.15,62.94,2.59
427,roald,"(69.2178621088832, 2.800038459564206)",75,no,1529945400,82,62.58,6.12,60.8,12.75
428,zyryanka,"(64.35001769408882, 151.6404551892702)",8,ru,1529948398,52,65.73,150.89,58.35,2.59
430,beloha,"(-35.09558965140178, 40.87833633118399)",0,mg,1529948401,84,-25.17,45.06,66.99,10.42
431,yar-sale,"(77.85635464175104, 70.26528055012997)",12,ru,1529948402,67,66.83,70.83,51.96,5.39
432,nipawin,"(53.78514795536154, -104.17574068826997)",1,ca,1529946000,61,53.36,-104.02,78.8,10.29
433,lodja,"(-3.4314794095951555, 22.86644990916352)",44,cd,1529948405,98,-3.52,23.6,67.71,2.04
434,hailar,"(48.38514420518507, 119.35960301022538)",20,cn,1529948406,94,49.2,119.7,57.09,6.96
435,coron,"(11.926202829933246, 120.35817529140866)",56,ph,1529948408,100,12.0,120.2,80.13,1.7
436,juiz de fora,"(-21.805131142529376, -43.487581043826026)",0,br,1529948409,63,-21.76,-43.35,77.34,4.5
437,calbuco,"(-41.97275695179477, -72.99778057086395)",90,cl,1529946000,100,-41.77,-73.13,46.4,17.22
438,alice springs,"(-21.763254215553673, 133.7801815742419)",40,au,1529946000,52,-23.7,133.88,42.8,4.7
439,birjand,"(34.09996911945963, 58.798866585295)",0,ir,1529946000,8,32.86,59.22,78.8,11.41
440,san ramon,"(-14.414621820685184, -63.413531948779706)",20,bo,1529946000,55,-13.27,-64.62,89.6,4.61
441,cabedelo,"(-5.95964789120552, -33.223025568237546)",75,br,1529946000,61,-6.97,-34.84,82.4,19.46
442,kwinana,"(-31.805755681011014, 113.59281600961657)",0,au,1529946000,62,-32.25,115.77,59,9.17
443,canelones,"(-34.459749891433475, -56.02994525230362)",0,uy,1529946000,46,-34.52,-56.28,53.6,11.41
444,makokou,"(0.7017523418521705, 12.854033922743213)",20,ga,1529948419,91,0.56,12.85,74.46,2.04
445,sur,"(16.693832914472424, 60.70933091628967)",68,om,1529948421,75,22.57,59.53,91.02,4.5
446,cap malheureux,"(-16.809207650241092, 55.59156617409056)",75,mu,1529946000,64,-19.98,57.61,73.4,12.75
447,strezhevoy,"(59.18626410611046, 78.28860792724186)",0,ru,1529946000,77,60.73,77.6,64.4,4.47
449,sanandaj,"(35.06601212196446, 47.00215907245433)",0,ir,1529948426,61,35.31,47.0,63.12,2.37
450,aktash,"(50.75372872083247, 87.32782949798212)",44,ru,1529948427,59,50.31,87.6,47.73,2.48
451,naze,"(29.08352100438421, 131.63040519350346)",8,jp,1529948428,97,28.37,129.48,80.49,9.98
452,necochea,"(-38.853132817442024, -58.116423766199446)",0,ar,1529948430,70,-38.55,-58.74,53.31,12.66
453,terme,"(42.10322269713538, 37.02108644946415)",75,tr,1529945400,88,41.21,36.97,69.8,3.36
454,griffith,"(-33.022164293608505, 144.19328962279684)",68,au,1529948432,95,-34.29,146.06,36.84,4.61
455,avigliano,"(40.70751314385606, 15.458586232415485)",40,it,1529945400,38,40.73,15.72,77,5.82
456,uaua,"(-9.576986010211883, -39.58804042345915)",64,br,1529948435,39,-9.84,-39.48,84.99,15.23
457,ashford,"(51.19880582632996, 0.8458818769648815)",0,gb,1529945400,60,51.15,0.87,84.2,6.93
458,springbok,"(-30.071286587557886, 17.671044657530416)",0,za,1529948437,80,-29.67,17.88,42.87,2.59
460,ishigaki,"(24.50771333013877, 124.43412103251615)",0,jp,1529948440,100,24.34,124.16,83.01,6.62
461,oda,"(36.67513356680304, 131.62413677559442)",20,jp,1529948441,85,35.19,132.5,70.86,3.38
462,cherskiy,"(76.52785179731666, 160.27343761487833)",92,ru,1529948442,92,68.75,161.3,34.86,6.96
463,port lincoln,"(-40.701499243915, 130.01532072317656)",20,au,1529948443,100,-34.72,135.86,48.72,10.65
465,novikovo,"(47.511416484056696, 144.4595740313767)",0,ru,1529948446,56,51.15,37.89,64.65,6.51
467,leshukonskoye,"(65.60976908610138, 45.19858223090384)",56,ru,1529948448,96,64.9,45.76,65.46,3.15
468,puerto carreno,"(5.9442876498089845, -65.93534946496995)",75,co,1529946000,70,6.19,-67.49,84.2,4.7
469,collie,"(-32.71162739821073, 116.93017466424806)",68,au,1529948451,66,-33.36,116.15,47.64,9.64
470,buala,"(-4.194531344594196, 160.6503866389216)",92,sb,1529948452,95,-8.15,159.59,80.31,7.63
471,batsfjord,"(71.56015289897681, 30.452781991349184)",0,no,1529945400,58,70.63,29.72,57.2,2.24
473,pangnirtung,"(61.879680557593645, -60.89413200185206)",90,ca,1529946000,86,66.15,-65.72,37.4,5.82
474,coxim,"(-18.05805962774872, -54.48015072728437)",0,br,1529948457,31,-18.5,-54.75,89.85,6.4
475,gander,"(48.72893961435079, -54.883238194777945)",90,ca,1529946000,56,48.95,-54.61,44.6,12.75
476,vysokogornyy,"(49.0948376046079, 139.04534418393774)",24,ru,1529948459,84,50.1,139.13,41.79,2.04
477,porto nacional,"(-11.11803294890332, -47.74604531146707)",0,br,1529946000,26,-10.7,-48.41,91.4,6.93
478,sosnovoborsk,"(55.973611436397306, 93.53024542071853)",0,ru,1529946000,77,56.12,93.34,62.6,6.06
479,porto murtinho,"(-21.44765920014686, -59.00855471598291)",80,br,1529948463,73,-21.7,-57.88,70.32,8.63
480,pachino,"(35.87781376565687, 16.607547789821183)",40,it,1529945400,68,36.72,15.09,69.8,8.05
481,verkhnyaya inta,"(66.45058891363973, 61.72436244432717)",8,ru,1529948465,66,65.99,60.32,67.98,4.38
482,apac,"(1.9403509551496825, 32.36508186348698)",68,ug,1529948467,100,1.98,32.53,67.17,4.5
483,biak,"(0.933792801097411, 135.4107496199196)",80,id,1529948468,100,-0.91,122.88,74.28,3.49
484,vila velha,"(-25.645465438055695, -32.054141653637174)",20,br,1529946000,45,-3.71,-38.6,86,21.92
485,san andres,"(14.57933933614899, -79.68301006259307)",40,co,1529946000,70,8.22,-76.58,87.8,8.05
487,lillooet,"(51.30195542643989, -122.07642964205263)",20,ca,1529947140,39,50.69,-121.94,66.2,23.04
488,grindavik,"(54.2374564765621, -31.17707602040923)",75,is,1529947800,81,63.84,-22.43,46.4,26.4
489,lazaro cardenas,"(13.789042671705857, -104.71816046892236)",20,mx,1529945220,25,28.39,-105.62,89.6,10.29
490,khoni,"(42.24210379776207, 42.47065151665035)",75,ge,1529947800,83,42.32,42.42,77,4.7
492,tuatapere,"(-49.46396817212929, 163.37134993450275)",92,nz,1529948479,100,-46.13,167.69,44.22,21.27
493,cheremukhovo,"(60.979676694191255, 59.41533781424138)",8,ru,1529948480,60,56.23,46.23,75.99,5.06
494,grand-santi,"(3.7587995874087454, -54.020108540854764)",92,gf,1529948482,91,4.27,-54.38,76.71,2.93
495,massakory,"(12.880174217228856, 15.764548305334216)",24,td,1529948483,67,13.0,15.73,87.06,1.03
496,guerrero negro,"(25.04476081917818, -120.51485597390823)",0,mx,1529948484,63,27.97,-114.04,73.02,8.97
497,ossora,"(58.68795330000063, 162.39638104621866)",0,ru,1529948485,95,59.24,163.07,45.75,3.94
498,kamskoye ustye,"(55.3893168706135, 49.16181263761072)",0,ru,1529946000,65,55.2,49.27,77,4.47
499,pokhara,"(31.98418714620597, 85.15562346848094)",100,np,1529948488,90,28.21,83.99,58.71,2.93
500,jumla,"(30.3644106202552, 82.80855396874165)",88,np,1529948489,96,29.28,82.18,37.02,2.37
501,kangaatsiaq,"(67.79912558258883, -53.36310038465223)",64,gl,1529948490,100,68.31,-53.46,35.13,9.75
502,arandis,"(-22.76814393742943, 15.307798550573182)",0,na,1529948492,81,-22.42,14.98,60.15,2.71
503,gejiu,"(22.816298011965543, 103.44888284110993)",92,cn,1529948493,99,23.36,103.16,65.01,2.37
504,pascagoula,"(28.4542877113319, -88.09475081631662)",1,us,1529948100,74,30.37,-88.56,91.4,2.37
505,san carlos de bariloche,"(-40.96582575832432, -72.10744607729967)",40,ar,1529946000,75,-41.13,-71.31,42.8,34.45
506,lima,"(-17.66995674638605, -86.98083722423083)",0,pe,1529948227,64,-12.06,-77.04,67.98,3.38
507,sabha,"(27.87873499078985, 13.521110532786452)",0,ly,1529948498,13,27.03,14.43,95.43,5.61
508,cavalcante,"(-13.822792980086334, -47.55075050105248)",0,br,1529948499,33,-13.79,-47.46,82.83,8.63
509,liverpool,"(41.54650256856664, -62.92452388493783)",68,ca,1529948500,90,44.04,-64.71,55.56,18.14
510,enid,"(37.122348849686205, -98.58486570657962)",20,us,1529945760,73,36.4,-97.88,75.2,20.8
512,lyubuchany,"(55.23388535575248, 37.59435897249736)",0,ru,1529946000,45,55.25,37.55,68,4.47
513,ewo,"(-0.4078287174224471, 15.062009844967719)",36,cg,1529948505,97,-0.88,14.81,69.42,0.92
514,mendoza,"(-32.481248903007405, -68.76216676483466)",0,ar,1529946000,50,-32.89,-68.84,51.8,5.82
515,tagusao,"(10.178880607920831, 117.2467122581283)",64,ph,1529948508,100,9.19,117.81,79.5,3.49
516,yenagoa,"(1.9917441798122297, 3.2779607493400533)",88,ng,1529948509,87,4.92,6.26,76.26,5.06
517,kinablangan,"(8.169723332974655, 128.982898089372)",32,ph,1529948510,100,7.69,126.55,79.86,4.94
518,bosobolo,"(4.504046615393619, 20.308848667966544)",68,cd,1529948512,87,4.19,19.88,75.81,3.15
519,samus,"(56.917659766509246, 84.6744656717745)",12,ru,1529948513,64,56.74,84.7,71.49,7.52
520,havoysund,"(77.2356894554336, 23.333606918584678)",75,no,1529945400,58,71.0,24.66,55.4,2.93
521,saint-pierre,"(40.89738857937195, -53.30179694165594)",90,pm,1529946000,87,46.77,-56.17,48.2,21.92
522,apiai,"(-24.59650296950933, -48.52252637422103)",0,br,1529948517,58,-24.51,-48.84,78.6,3.38
524,chama,"(-11.462175125384647, 32.845147171331746)",32,zm,1529948520,50,-11.22,33.16,70.05,12.66
525,baykit,"(65.88835104663468, 93.77217991335772)",0,ru,1529950526,82,61.68,96.39,63.21,2.48
526,puerto del rosario,"(26.793316956338586, -13.220870416320054)",20,es,1529949600,73,28.5,-13.86,77,12.75
527,vestmanna,"(70.62357881723392, -8.131218332507132)",36,fo,1529949000,87,62.16,-7.17,50,10.29
528,krasnyy yar,"(55.40651499302888, 72.83880614795476)",100,ru,1529950530,60,50.7,44.73,79.23,6.06
529,burns lake,"(54.29460497030743, -125.13763519912791)",48,ca,1529950531,66,54.23,-125.76,52.23,9.08
530,karratha,"(-17.157913759065124, 113.97784340207687)",0,au,1529950533,33,-20.74,116.85,54.21,12.55
531,santa isabel do rio negro,"(1.5082377020940783, -65.02412058215802)",64,br,1529950534,82,-0.41,-65.02,80.49,5.5
532,loandjili,"(-4.144086018512198, 11.285925135754667)",75,cg,1529946000,83,-4.77,11.87,75.2,6.93
533,umm lajj,"(24.156238313015933, 36.8456191181414)",0,sa,1529950536,72,25.02,37.27,84.54,8.08
534,kipushi,"(-12.074345600156889, 26.914028608894228)",0,cd,1529950538,52,-11.76,27.24,60.42,5.39
535,vila franca do campo,"(42.39274419963934, -22.60829994900743)",20,pt,1529947800,64,37.72,-25.43,73.4,8.05
536,vao,"(-26.668686203445276, 166.44196988129795)",36,nc,1529950544,100,-22.67,167.48,71.13,19.48
537,geraldton,"(-33.759878749725424, 94.77425223652239)",48,au,1529947800,71,-28.77,114.6,53.6,12.75
538,terrace bay,"(48.82964325727224, -87.97179837154754)",20,ca,1529946000,33,48.78,-87.1,62.6,4.7
539,mayumba,"(-7.609421778242819, 6.1165912103814435)",12,ga,1529950548,93,-3.44,10.65,73.74,6.96
540,sibu,"(2.9959819124243836, 110.88814581373373)",75,my,1529946000,100,2.29,111.83,73.4,2.24
543,baracoa,"(21.02656693561829, -73.73025501848929)",88,cu,1529950553,92,20.35,-74.5,84.09,11.65
545,knysna,"(-37.87313605014266, 22.350751793830398)",0,za,1529946000,93,-34.04,23.05,51.8,9.17
546,omsukchan,"(62.592373546602204, 157.28241212486842)",8,ru,1529950556,77,62.53,155.8,45.93,2.59
547,lampang,"(18.561679928908305, 99.69003428101945)",92,th,1529950558,99,18.29,99.49,72.66,2.48
548,dargaville,"(-37.169997458808844, 172.7288861437541)",92,nz,1529950559,72,-35.94,173.86,54.03,19.82
549,belle fourche,"(45.36897322889516, -103.39289099057945)",1,us,1529948100,64,44.67,-103.85,69.8,4.7
550,merauke,"(-7.470369411006814, 140.85407257683437)",80,id,1529950561,91,-8.49,140.4,76.89,14.23
551,shitkino,"(56.77883020447155, 98.94470881709924)",0,ru,1529950563,61,56.37,98.35,66.81,4.61
552,ulaanbaatar,"(47.329723132394236, 106.30387436791159)",0,mn,1529949600,71,47.92,106.92,51.8,3.94
553,ruwi,"(24.546230415730733, 57.97960302071294)",0,om,1529945400,54,23.6,58.55,107.6,8.05
554,marsh harbour,"(28.671338266369162, -74.96263171805671)",0,bs,1529950335,100,26.54,-77.06,82.47,11.54
555,bawku,"(10.954636266545506, -0.17950437548083187)",68,gh,1529950568,92,11.06,-0.24,78.24,5.06
557,calnic,"(45.93933474057158, 23.699524418319356)",48,ro,1529950571,69,45.93,25.8,57.27,2.48
559,leh,"(33.98058110268862, 80.39004619090184)",88,in,1529950573,99,34.16,77.58,30.99,1.59
562,la reforma,"(24.29929733798457, -99.6017116514687)",5,mx,1529949000,43,25.08,-108.06,91.4,3.94
563,yulara,"(-22.37898809344091, 127.0025898238539)",0,au,1529949600,48,-25.24,130.99,42.8,9.17
564,metlika,"(45.736952838229996, 15.258125271725874)",0,si,1529951400,87,45.65,15.32,64.4,3.36
565,constantine,"(35.773929779176555, 7.022166710349609)",20,dz,1529949600,31,36.36,6.61,77,10.29
566,bandarbeyla,"(4.201508152829831, 57.26321414542548)",0,so,1529952531,80,9.49,50.81,78.06,30.67
567,isangel,"(-21.785201484908526, 174.55409008425772)",0,vu,1529952532,100,-19.55,169.27,72.75,19.04
568,mount gambier,"(-43.50327197726687, 135.50017764851708)",92,au,1529952366,100,-37.83,140.78,43.95,2.04
569,tubmanburg,"(6.957003552571649, -10.71475001538272)",92,lr,1529952535,98,6.87,-10.82,75.54,6.4
570,sioux lookout,"(54.45759067261568, -92.95414066815626)",75,ca,1529949600,46,50.1,-91.92,69.8,6.93
571,nishihara,"(20.818924647886575, 131.91048748457877)",1,jp,1529949600,82,35.74,139.53,73.4,6.93
572,meadow lake,"(55.483745117203, -107.51045416277759)",40,ca,1529949600,51,54.13,-108.44,80.6,10.29
573,gravdal,"(72.44435019169362, 11.053963151860444)",0,no,1529950800,76,59.79,5.78,55.4,17.22
574,kavaratti,"(10.411708653682552, 71.56354062721846)",80,in,1529952546,100,10.57,72.64,81.66,18.59
575,novyy urengoy,"(68.10037828505077, 75.72478427314331)",0,ru,1529952547,63,66.08,76.63,66.72,10.09
577,colac,"(-38.28532246693449, 143.37993721334755)",8,au,1529952307,100,-38.34,143.59,36.12,1.59
578,komsomolskiy,"(45.69473033936788, 45.98105597528752)",92,ru,1529952551,43,67.55,63.78,69.51,11.1
579,dzaoudzi,"(-12.751455108314389, 46.33540832135216)",40,yt,1529949600,74,-12.79,45.27,78.8,8.05
581,pitimbu,"(-7.753408268470437, -28.858924526490256)",76,br,1529952556,86,-7.47,-34.81,79.86,16.58
582,kendari,"(-2.599358955804803, 123.61539734917949)",92,id,1529952558,100,-3.99,122.52,71.67,2.37
583,sibolga,"(-1.944087056857711, 94.44069584562783)",68,id,1529952559,99,1.74,98.78,69.06,2.04
584,numaligarh,"(26.51872074333606, 93.34461577674409)",32,in,1529952560,98,26.63,93.73,74.28,1.59
585,ilebo,"(-3.377967467386881, 20.61800628034419)",32,cd,1529952562,91,-4.33,20.59,73.2,1.14
586,ankang,"(32.527213181788824, 108.94829566955354)",64,cn,1529952563,90,32.73,108.99,72.3,1.7
587,quang ngai,"(15.97249247252877, 109.91137354961313)",44,vn,1529952565,96,15.12,108.8,69.06,2.15
588,sambava,"(-13.68582715991758, 53.33270512549933)",100,mg,1529952566,100,-14.27,50.17,74.55,20.27
590,coahuayana,"(16.826098893446456, -104.77231010899298)",32,mx,1529952568,60,18.62,-100.35,80.31,2.93
594,parabel,"(57.89020528778306, 81.53869944631765)",92,ru,1529952573,51,58.71,81.5,70.14,6.4
595,lumeje,"(-12.067917218368393, 21.09462110822352)",0,ao,1529952574,38,-11.56,20.78,64.38,5.17
596,phangnga,"(8.527007605487327, 98.15675878841375)",40,th,1529949600,88,8.45,98.53,75.2,2.24
597,orchard homes,"(47.14009101032059, -115.03894303760049)",1,us,1529949180,60,46.86,-114.05,71.6,4.7
598,yerofey pavlovich,"(53.18345111231616, 122.44388675645791)",100,ru,1529952578,98,53.97,121.97,55.92,6.06
599,maldonado,"(-37.77100693048085, -54.588573203478106)",0,uy,1529949600,47,-34.91,-54.96,55.4,10.29
600,tomatlan,"(18.315533782825085, -108.08614372888222)",0,mx,1529952581,70,19.93,-105.25,85.26,3.6
601,mulege,"(26.28634583545565, -112.831480499347)",0,mx,1529952582,38,26.88,-111.98,89.58,4.5
602,svetlogorsk,"(66.77387673632154, 93.51050611211002)",40,ru,1529949600,59,53.14,59.15,66.2,6.71
603,shankargarh,"(25.112821616280343, 81.5705605944919)",20,in,1529952585,61,25.19,81.61,88.14,5.39
605,iskateley,"(68.6683070468454, 53.150962801036684)",92,ru,1529952587,81,67.68,53.15,50.97,13.67
606,arivonimamo,"(-19.13882691867343, 47.20354650298307)",75,mg,1529949600,87,-19.01,47.18,57.2,4.7
607,abha,"(19.473678452757042, 41.86612360217458)",0,sa,1529949600,47,18.22,42.5,77,2.24
608,sechura,"(-8.882182713072012, -84.56619708081028)",32,pe,1529952591,85,-5.56,-80.82,73.11,6.73
609,margate,"(-38.37020994297831, 38.925743617174675)",0,za,1529952593,89,-30.86,30.37,63.48,5.17
610,ballina,"(58.09547229104848, -12.256407398747484)",0,ie,1529951400,64,54.11,-9.15,73.4,4.7
611,doda,"(33.226278170200814, 75.58491395774297)",20,in,1529952596,55,33.14,75.55,61.41,1.7
612,plettenberg bay,"(-42.06900412635758, 23.854878417914392)",36,za,1529952600,100,-34.05,23.37,59.52,10.65
613,parana,"(-31.718964023386754, -59.575589413031935)",0,ar,1529952601,58,-31.73,-60.52,55.83,6.06
614,fonte boa,"(-2.737819605870314, -66.20084966840727)",56,br,1529952603,78,-2.51,-66.09,84.18,6.4
615,nouadhibou,"(22.88486266481472, -21.26810722250292)",12,mr,1529949600,60,20.93,-17.03,75.2,20.8
616,muncar,"(-10.029708676633717, 114.23498530314077)",36,id,1529952605,87,-8.43,114.34,77.07,9.75
617,san rafael,"(-36.18134800719276, -68.97728105911867)",0,ar,1529952459,30,-34.61,-68.33,57.63,3.38
618,ostrovnoy,"(66.9181062276063, 40.67706828988764)",0,ru,1529952608,67,68.05,39.51,58.8,4.61
619,mersing,"(2.57985300276043, 105.45027474662345)",44,my,1529952610,100,2.43,103.84,75.99,4.5
620,dudinka,"(73.05994848797357, 86.90366744139021)",68,ru,1529952611,58,69.41,86.18,68.79,7.07
621,fort nelson,"(57.468769029837205, -124.3959961699159)",90,ca,1529949600,93,58.81,-122.69,59,8.05
622,gandia,"(38.86633211705907, -0.22809333071145943)",0,es,1529951400,54,38.97,-0.18,80.6,10.29
623,mpanda,"(-6.245834354018214, 31.47537304411935)",24,tz,1529952614,40,-6.34,31.07,73.11,8.08
624,portarlington,"(53.25916782653968, -7.221454050479707)",0,ie,1529951400,46,53.16,-7.19,73.4,8.05
625,dindori,"(22.52558082568781, 80.95373988154722)",8,in,1529952617,75,22.94,81.08,79.32,6.73
627,kudahuvadhoo,"(3.2847872127475597, 71.72133872022059)",88,mv,1529952576,100,2.67,72.89,83.37,9.98
628,camacha,"(33.35851309602026, -14.155273273966941)",40,pt,1529951400,68,33.08,-16.33,71.6,5.82
629,lahaina,"(20.51682066726778, -156.89161866304477)",20,us,1529949360,69,20.87,-156.68,78.8,12.75
630,macaracas,"(7.786047422575379, -80.47368874406648)",88,pa,1529952623,98,7.73,-80.55,79.41,2.04
